index,va,p,m,d,longitude,latitude
1001,0.2412714950026602,21.19014463846284,1.0,0.5,0,0.0
1002,0.6257279686038671,67.439174614125,1.0,0.5,1,0.0
1003,0.0,0.0,1.0,0.5,2,0.0
1004,0.6278587341055706,8.40104227259286,1.0,0.5,3,0.0
1032,0.0,0.0,1.0,0.5,4,0.0
1034,0.0,0.0,1.0,0.5,5,0.0
1101,-0.4379717142842091,-1.169920150817731,1.0,0.5,6,0.0
1102,-0.4376462123233564,-53.48964692792875,1.0,0.5,7,0.0
1131,0.0,0.0,1.0,0.5,8,0.0
1201,-0.2629057258828345,-24.112991741918044,1.0,0.5,9,0.0
1202,-0.268294981843771,-9.291237000793352,1.0,0.5,10,0.0
1232,0.0,0.0,1.0,0.5,11,0.0
1301,-0.0990730803317692,20.168331973397542,1.0,0.5,12,0.0
1302,-0.1000984508781133,7.9228038113418755,1.0,0.5,13,0.0
1303,-0.4156596751010278,-3.0362284521623653,1.0,0.5,14,0.0
1331,0.0,0.0,1.0,0.5,15,0.0
1333,0.0,0.0,1.0,0.5,16,0.0
1401,-0.413286399101955,29.958187934596083,1.0,0.5,17,0.0
1402,-0.4415622945120024,-31.035839012243265,1.0,0.5,18,0.0
1403,-0.4470008553360018,-1.2902522013006066,1.0,0.5,19,0.0
1431,0.0,0.0,1.0,0.5,20,0.0
2000,-0.2939941715988355,11.400184785183685,1.0,0.5,21,0.0
2030,0.0,0.0,1.0,0.5,22,0.0
2100,-0.3562445154965172,7.669101428369564,1.0,0.5,23,0.0
2130,0.0,0.0,1.0,0.5,24,0.0
2201,-0.3952414439689641,15.978491197657709,1.0,0.5,25,0.0
2202,-0.3985515496211905,-0.820287490319939,1.0,0.5,26,0.0
2203,-0.4038839928730662,0.5620108513038947,1.0,0.5,27,0.0
2233,0.0,0.0,1.0,0.5,28,0.0
2301,-0.7985385617978447,-28.963060213360098,1.0,0.5,29,0.0
2302,-0.8049327701285478,-15.842427640288301,1.0,0.5,30,0.0
2332,0.0,0.0,1.0,0.5,31,0.0
2400,-0.7947919522990912,-73.83767432373017,1.0,0.5,32,0.0
2401,-0.8036025762230048,-382.3179002963966,1.0,0.5,33,0.0
2402,-0.2705862003160043,57.02750136969544,1.0,0.5,34,0.0
2403,-0.2429285512849071,57.19256928100009,1.0,0.5,35,0.0
2404,-0.133246592897748,15.222563882250434,1.0,0.5,36,0.0
2405,0.4567903408245298,107.5404565755635,1.0,0.5,37,0.0
2406,-0.9111822057577146,-71.78176539008602,1.0,0.5,38,0.0
2407,-0.9225413909607176,-21.04692313142302,1.0,0.5,39,0.0
2408,-0.6552454671916452,11.442541402181574,1.0,0.5,40,0.0
2409,-0.6650471464427605,-17.160327924840303,1.0,0.5,41,0.0
2410,-0.2046454041845589,-45.637302668236345,1.0,0.5,42,0.0
2411,-0.2061567157630239,11.32791833537263,1.0,0.5,43,0.0
2431,0.0,0.0,1.0,0.5,44,0.0
2434,0.0,0.0,1.0,0.5,45,0.0
2438,0.0,0.0,1.0,0.5,46,0.0
2439,0.0,0.0,1.0,0.5,47,0.0
2501,-0.2077111992521403,64.09903179445374,1.0,0.5,48,0.0
2502,-0.414650582966614,17.38658815066307,1.0,0.5,49,0.0
2503,-0.4254360692935723,6.250484917856624,1.0,0.5,50,0.0
2533,0.0,0.0,1.0,0.5,51,0.0
2600,-1.0693113639462533,-627.1402333534694,1.0,0.5,52,0.0
2601,-0.384916006461579,27.598050548404235,1.0,0.5,53,0.0
2602,-0.2156122270675061,51.18100340999683,1.0,0.5,54,0.0
2603,-0.2120095154936081,681.460869865501,1.0,0.5,55,0.0
2604,-0.2109653315235986,-10.796999096692579,1.0,0.5,56,0.0
2605,0.0,0.0,1.0,0.5,57,0.0
2606,0.0,0.0,1.0,0.5,58,0.0
2607,0.0,0.0,1.0,0.5,59,0.0
2608,-0.2000921220801943,45.23550138105068,1.0,0.5,60,0.0
2609,-0.192272009195181,103.46925594662986,1.0,0.5,61,0.0
2610,-0.203692088781948,43.46716061863846,1.0,0.5,62,0.0
2611,0.023927596503807,200.6808355117174,1.0,0.5,63,0.0
2612,-0.8179702786710046,-224.4999549328114,1.0,0.5,64,0.0
2613,-0.3548783490657319,239.05177451109546,1.0,0.5,65,0.0
2614,0.0131770271894473,89.42095825662803,1.0,0.5,66,0.0
2615,0.0188680322649057,250.40240612748806,1.0,0.5,67,0.0
2616,-0.90338779494099,-262.0478832586965,1.0,0.5,68,0.0
2617,-0.9033970443368992,-316.7016553463366,1.0,0.5,69,0.0
2618,-0.9071807480822144,-24.343910668042444,1.0,0.5,70,0.0
2619,-0.9033910498491068,-42.28784244327221,1.0,0.5,71,0.0
2620,-0.9033298162203812,-101.84664570408871,1.0,0.5,72,0.0
2621,0.0,0.0,1.0,0.5,73,0.0
2630,0.0,0.0,1.0,0.5,74,0.0
2631,0.0,0.0,1.0,0.5,75,0.0
2634,0.0,0.0,1.0,0.5,76,0.0
2637,0.0,0.0,1.0,0.5,77,0.0
2638,0.0,0.0,1.0,0.5,78,0.0
2901,-0.0424775398828347,30.72721677891534,1.0,0.5,79,0.0
2902,0.2414551590991669,53.77745497150525,1.0,0.5,80,0.0
3101,0.2421140309685934,0.049221413546338307,1.0,0.5,81,0.0
3102,0.2414889190165549,-41.08196910128982,1.0,0.5,82,0.0
3103,0.3203601620290882,-0.3505200173917155,1.0,0.5,83,0.0
3104,0.3186201403869336,-16.103212441229545,1.0,0.5,84,0.0
3105,0.7833588514408183,16.103212441229545,1.0,0.5,85,0.0
3133,0.0,0.0,1.0,0.5,86,0.0
3135,0.0,0.0,1.0,0.5,87,0.0
3201,0.7360066124496935,102.4248630673088,1.0,0.5,88,0.0
3202,0.7789398805453722,84.76651456605674,1.0,0.5,89,0.0
3203,0.4521679095741501,-4.087518346356702,1.0,0.5,90,0.0
3204,0.4510156092605312,-22.972049647227536,1.0,0.5,91,0.0
3205,0.7428113878183191,71.60816300156692,1.0,0.5,92,0.0
3234,0.0,0.0,1.0,0.5,93,0.0
3301,0.6836823480507884,130.31558499660153,1.0,0.5,94,0.0
3302,0.6837335716383639,61.04315990051482,1.0,0.5,95,0.0
3303,0.2727403150094316,-10.81862312886511,1.0,0.5,96,0.0
3304,0.3507300935236347,-20.079818866183153,1.0,0.5,97,0.0
3305,0.2730275620310533,-8.372101069629341,1.0,0.5,98,0.0
3333,0.0,0.0,1.0,0.5,99,0.0
3401,0.4658575122899374,70.4169213494628,1.0,0.5,100,0.0
3402,0.4405049350258659,-0.8784676806677568,1.0,0.5,101,0.0
3403,0.395472959950763,44.29051611336341,1.0,0.5,102,0.0
3404,-0.1204782237937514,-38.00836589996766,1.0,0.5,103,0.0
3405,-0.1220288608814708,-24.598587458519713,1.0,0.5,104,0.0
3432,0.0,0.0,1.0,0.5,105,0.0
3433,0.0,0.0,1.0,0.5,106,0.0
3501,-0.2165087266852701,-15.00406976335898,1.0,0.5,107,0.0
3531,0.0,0.0,1.0,0.5,108,0.0
3601,-0.4892860942871853,-16.95378012083109,1.0,0.5,109,0.0
3631,0.0,0.0,1.0,0.5,110,0.0
3701,0.413465152623034,14.326581864969993,1.0,0.5,111,0.0
3731,0.0,0.0,1.0,0.5,112,0.0
3801,0.4135324898492755,20.721501930047264,1.0,0.5,113,0.0
3802,0.4140830855711751,46.769226872335,1.0,0.5,114,0.0
3803,-0.0195184889215722,-30.27619026677195,1.0,0.5,115,0.0
3804,-0.3668001513363908,-76.50910789301844,1.0,0.5,116,0.0
3805,-0.3815283898918229,-13.219971929723593,1.0,0.5,117,0.0
3806,0.0,25.929609883167487,1.0,0.5,118,0.0
3831,0.0,0.0,1.0,0.5,119,0.0
3835,0.0,0.0,1.0,0.5,120,0.0
3836,0.0,0.0,1.0,0.5,121,0.0
3891,0.0,-23.92443243521526,1.0,0.5,122,0.0
3892,0.0,2.0875389220932834,1.0,0.5,123,0.0
3893,0.0,14.25097250243294,1.0,0.5,124,0.0
3894,0.0,2.06763653830214,1.0,0.5,125,0.0
3895,0.0,14.25097250243294,1.0,0.5,126,0.0
3896,0.0,2.0875389220932834,1.0,0.5,127,0.0
3897,0.0,15.862689630684288,1.0,0.5,128,0.0
3901,0.0,-19.53282048288376,1.0,0.5,129,0.0
3902,0.0,-52.712594298441665,1.0,0.5,130,0.0
3903,0.0,-77.60299069815987,1.0,0.5,131,0.0
3904,0.0,-5.224578939412501e-17,1.0,0.5,132,0.0
3905,0.0,-5.224578939412501e-17,1.0,0.5,133,0.0
3906,0.0,-5.224578939412501e-17,1.0,0.5,134,0.0
3907,0.0,4.228304257847221,1.0,0.5,135,0.0
3908,0.0,5.075305255429287e-16,1.0,0.5,136,0.0
3909,0.0,5.075305255429287e-16,1.0,0.5,137,0.0
3910,0.0,5.075305255429287e-16,1.0,0.5,138,0.0
3911,0.0,5.075305255429287e-16,1.0,0.5,139,0.0
3912,0.0,5.075305255429287e-16,1.0,0.5,140,0.0
3913,0.0,5.075305255429287e-16,1.0,0.5,141,0.0
3914,0.0,-18.236405444665593,1.0,0.5,142,0.0
3915,0.0,-18.236405444665593,1.0,0.5,143,0.0
3916,0.0,5.075305255429287e-16,1.0,0.5,144,0.0
3917,0.0,4.174574629028116,1.0,0.5,145,0.0
3918,0.0,-5.275886736510054,1.0,0.5,146,0.0
3919,0.0,5.075305255429287e-16,1.0,0.5,147,0.0
3920,0.0,5.075305255429287e-16,1.0,0.5,148,0.0
3921,0.0,5.075305255429287e-16,1.0,0.5,149,0.0
3922,0.0,5.075305255429287e-16,1.0,0.5,150,0.0
3923,0.0,-66.25840933178891,1.0,0.5,151,0.0
3924,0.0,-84.943570422033,1.0,0.5,152,0.0
3925,0.0,16.95378012083109,1.0,0.5,153,0.0
3926,0.0,-14.326581864969993,1.0,0.5,154,0.0
3931,0.0,0.0,1.0,0.5,155,0.0
3932,0.0,0.0,1.0,0.5,156,0.0
3933,0.0,0.0,1.0,0.5,157,0.0
4001,0.0,-5.224578939412501e-17,1.0,0.5,158,0.0
4002,0.0,-5.224578939412501e-17,1.0,0.5,159,0.0
4003,0.0,-5.224578939412501e-17,1.0,0.5,160,0.0
4004,0.0,-5.224578939412501e-17,1.0,0.5,161,0.0
4005,0.0,-5.224578939412501e-17,1.0,0.5,162,0.0
4006,0.0,-5.224578939412501e-17,1.0,0.5,163,0.0
4007,0.0,-5.224578939412501e-17,1.0,0.5,164,0.0
4008,0.0,-7.401486830834377e-17,1.0,0.5,165,0.0
4009,0.0,0.0,1.0,0.5,166,0.0
4010,0.0,0.0,1.0,0.5,167,0.0
4031,0.0,0.0,1.0,0.5,168,0.0
4035,0.0,0.0,1.0,0.5,169,0.0
4039,0.0,0.0,1.0,0.5,170,0.0
4090,0.0,-5.224578939412501e-17,1.0,0.5,171,0.0
4091,0.0,-5.224578939412501e-17,1.0,0.5,172,0.0
4092,0.0,-5.224578939412501e-17,1.0,0.5,173,0.0
4093,0.0,-5.224578939412501e-17,1.0,0.5,174,0.0
4094,0.0,-5.224578939412501e-17,1.0,0.5,175,0.0
4095,0.0,-5.224578939412501e-17,1.0,0.5,176,0.0
4096,0.0,-5.224578939412501e-17,1.0,0.5,177,0.0
4097,0.0,-5.224578939412501e-17,1.0,0.5,178,0.0
4101,0.0,-5.224578939412501e-17,1.0,0.5,179,0.0
4102,0.0,-5.224578939412501e-17,1.0,0.5,180,0.0
4103,0.0,-5.224578939412501e-17,1.0,0.5,181,0.0
4104,0.0,0.0,1.0,0.5,182,0.0
4131,0.0,0.0,1.0,0.5,183,0.0
4132,0.0,0.0,1.0,0.5,184,0.0
4201,0.0,-5.224578939412501e-17,1.0,0.5,185,0.0
4202,0.0,-5.224578939412501e-17,1.0,0.5,186,0.0
4203,0.0,-5.224578939412501e-17,1.0,0.5,187,0.0
4204,0.0,-5.224578939412501e-17,1.0,0.5,188,0.0
4231,0.0,0.0,1.0,0.5,189,0.0
4232,0.0,0.0,1.0,0.5,190,0.0
5001,0.0,-5.224578939412501e-17,1.0,0.5,191,0.0
5002,0.0,-5.224578939412501e-17,1.0,0.5,192,0.0
5003,0.0,0.0,1.0,0.5,193,0.0
5004,0.0,0.0,1.0,0.5,194,0.0
5031,0.0,0.0,1.0,0.5,195,0.0
5032,0.0,0.0,1.0,0.5,196,0.0
6101,0.0,-5.224578939412501e-17,1.0,0.5,197,0.0
6102,0.0,-7.401486830834377e-17,1.0,0.5,198,0.0
6103,0.0,-7.401486830834377e-17,1.0,0.5,199,0.0
6104,0.0,0.0,1.0,0.5,200,0.0
6132,0.0,0.0,1.0,0.5,201,0.0
6201,0.0,-5.224578939412501e-17,1.0,0.5,202,0.0
6202,0.0,-5.224578939412501e-17,1.0,0.5,203,0.0
6203,0.0,0.0,1.0,0.5,204,0.0
6204,0.0,0.0,1.0,0.5,205,0.0
6205,0.0,0.0,1.0,0.5,206,0.0
6231,0.0,0.0,1.0,0.5,207,0.0
6235,0.0,0.0,1.0,0.5,208,0.0
6301,0.0,-7.401486830834377e-17,1.0,0.5,209,0.0
6302,0.0,-7.401486830834377e-17,1.0,0.5,210,0.0
6303,0.0,0.0,1.0,0.5,211,0.0
6304,0.0,0.0,1.0,0.5,212,0.0
6305,0.0,0.0,1.0,0.5,213,0.0
6333,0.0,0.0,1.0,0.5,214,0.0
6335,0.0,0.0,1.0,0.5,215,0.0
6401,0.0,-7.401486830834377e-17,1.0,0.5,216,0.0
6402,0.0,0.0,1.0,0.5,217,0.0
6403,0.0,-7.401486830834377e-17,1.0,0.5,218,0.0
6404,0.0,2.1861692385865137,1.0,0.5,219,0.0
6433,0.0,0.0,1.0,0.5,220,0.0
6501,0.0,-7.401486830834377e-17,1.0,0.5,221,0.0
6502,0.0,-7.401486830834377e-17,1.0,0.5,222,0.0
6503,0.0,-7.401486830834377e-17,1.0,0.5,223,0.0
6504,0.0,8.610829858106065,1.0,0.5,224,0.0
6505,0.0,-7.401486830834377e-17,1.0,0.5,225,0.0
6506,0.0,-14.351558912932733,1.0,0.5,226,0.0
6507,0.0,3.0362284521623653,1.0,0.5,227,0.0
6508,0.0,-7.401486830834377e-17,1.0,0.5,228,0.0
6509,0.0,-7.401486830834377e-17,1.0,0.5,229,0.0
6510,0.0,0.0,1.0,0.5,230,0.0
6533,0.0,0.0,1.0,0.5,231,0.0
7001,0.0,-2.291204372169363,1.0,0.5,232,0.0
7002,0.0,-5.7078066736870054,1.0,0.5,233,0.0
7031,0.0,0.0,1.0,0.5,234,0.0
7032,0.0,0.0,1.0,0.5,235,0.0
8001,0.0,-5.224578939412501e-17,1.0,0.5,236,0.0
8002,0.0,-5.224578939412501e-17,1.0,0.5,237,0.0
8003,0.0,5.075305255429287e-16,1.0,0.5,238,0.0
8004,0.0,5.075305255429287e-16,1.0,0.5,239,0.0
8005,0.0,5.075305255429287e-16,1.0,0.5,240,0.0
8033,0.0,0.0,1.0,0.5,241,0.0
8034,0.0,0.0,1.0,0.5,242,0.0
